timestamp,solexs_flux,hel1os_flux,quality_flag
2026-01-01 00:00:00+00:00,100.609,50.327,1
2026-01-01 00:05:00+00:00,98.029,49.381,1
2026-01-01 00:10:00+00:00,101.719,50.946,1
2026-01-01 00:15:00+00:00,102.208,50.296,1
2026-01-01 00:20:00+00:00,96.534,50.219,1
2026-01-01 00:25:00+00:00,97.94,52.04,1
2026-01-01 00:30:00+00:00,100.908,47.385,1
2026-01-01 00:35:00+00:00,100.128,48.679,1
2026-01-01 00:40:00+00:00,100.835,49.01,1
2026-01-01 00:45:00+00:00,99.269,50.052,1
2026-01-01 00:50:00+00:00,102.841,50.236,1
2026-01-01 00:55:00+00:00,102.744,48.785,1
2026-01-01 01:00:00+00:00,101.426,49.465,1
2026-01-01 01:05:00+00:00,103.654,49.667,1
2026-01-01 01:10:00+00:00,102.439,53.701,1
2026-01-01 01:15:00+00:00,99.889,52.966,1
2026-01-01 01:20:00+00:00,102.448,50.361,1
2026-01-01 01:25:00+00:00,99.894,50.47,1
2026-01-01 01:30:00+00:00,103.67,49.578,1
2026-01-01 01:35:00+00:00,101.914,48.717,1
2026-01-01 01:40:00+00:00,101.743,50.916,1
2026-01-01 01:45:00+00:00,100.85,49.908,1
2026-01-01 01:50:00+00:00,104.754,51.053,1
2026-01-01 01:55:00+00:00,102.096,49.282,1
2026-01-01 02:00:00+00:00,101.643,50.336,1
2026-01-01 02:05:00+00:00,101.89,51.475,1
2026-01-01 02:10:00+00:00,103.751,51.783,1
2026-01-01 02:15:00+00:00,103.509,51.89,1
2026-01-01 02:20:00+00:00,103.693,49.849,1
2026-01-01 02:25:00+00:00,103.818,52.504,1
2026-01-01 02:30:00+00:00,107.327,50.562,1
2026-01-01 02:35:00+00:00,102.317,52.324,1
2026-01-01 02:40:00+00:00,102.189,51.594,1
2026-01-01 02:45:00+00:00,101.669,49.997,1
2026-01-01 02:50:00+00:00,104.61,51.31,1
2026-01-01 02:55:00+00:00,105.716,52.167,1
2026-01-01 03:00:00+00:00,103.308,52.503,1
2026-01-01 03:05:00+00:00,101.932,51.637,1
2026-01-01 03:10:00+00:00,102.037,53.681,1
2026-01-01 03:15:00+00:00,105.06,53.089,1
2026-01-01 03:20:00+00:00,105.317,51.607,1
2026-01-01 03:25:00+00:00,104.986,52.85,1
2026-01-01 03:30:00+00:00,102.636,54.304,1
2026-01-01 03:35:00+00:00,104.497,54.369,1
2026-01-01 03:40:00+00:00,104.329,50.574,1
2026-01-01 03:45:00+00:00,104.595,50.967,1
2026-01-01 03:50:00+00:00,105.96,53.89,1
2026-01-01 03:55:00+00:00,104.722,50.867,1
2026-01-01 04:00:00+00:00,105.688,50.578,1
2026-01-01 04:05:00+00:00,104.519,51.608,1
2026-01-01 04:10:00+00:00,105.013,52.722,1
2026-01-01 04:15:00+00:00,105.747,52.119,1
2026-01-01 04:20:00+00:00,101.617,51.485,1
2026-01-01 04:25:00+00:00,103.937,51.479,1
2026-01-01 04:30:00+00:00,103.679,51.455,1
2026-01-01 04:35:00+00:00,103.382,51.275,1
2026-01-01 04:40:00+00:00,104.148,55.087,1
2026-01-01 04:45:00+00:00,107.725,52.724,1
2026-01-01 04:50:00+00:00,103.037,53.448,1
2026-01-01 04:55:00+00:00,106.737,51.813,1
2026-01-01 05:00:00+00:00,101.464,52.192,1
2026-01-01 05:05:00+00:00,104.187,51.572,1
2026-01-01 05:10:00+00:00,105.207,49.259,1
2026-01-01 05:15:00+00:00,106.076,50.798,1
2026-01-01 05:20:00+00:00,106.346,50.289,1
2026-01-01 05:25:00+00:00,106.529,49.771,1
2026-01-01 05:30:00+00:00,104.26,51.044,1
2026-01-01 05:35:00+00:00,104.046,54.075,1
2026-01-01 05:40:00+00:00,106.697,52.437,1
2026-01-01 05:45:00+00:00,104.607,54.043,1
2026-01-01 05:50:00+00:00,102.444,52.991,1
2026-01-01 05:55:00+00:00,102.732,53.438,1
2026-01-01 06:00:00+00:00,103.161,51.419,1
2026-01-01 06:05:00+00:00,105.993,53.128,1
2026-01-01 06:10:00+00:00,105.28,53.372,1
2026-01-01 06:15:00+00:00,106.37,51.803,1
2026-01-01 06:20:00+00:00,104.126,53.162,1
2026-01-01 06:25:00+00:00,105.287,53.165,1
2026-01-01 06:30:00+00:00,106.208,51.819,1
2026-01-01 06:35:00+00:00,104.323,51.124,1
2026-01-01 06:40:00+00:00,105.838,51.041,1
2026-01-01 06:45:00+00:00,103.58,52.556,1
2026-01-01 06:50:00+00:00,104.156,52.833,1
2026-01-01 06:55:00+00:00,104.094,51.478,1
2026-01-01 07:00:00+00:00,102.44,52.447,1
2026-01-01 07:05:00+00:00,105.778,53.085,1
2026-01-01 07:10:00+00:00,103.836,53.127,1
2026-01-01 07:15:00+00:00,104.772,54.232,1
2026-01-01 07:20:00+00:00,105.682,53.886,1
2026-01-01 07:25:00+00:00,105.591,51.136,1
2026-01-01 07:30:00+00:00,106.015,54.343,1
2026-01-01 07:35:00+00:00,104.487,51.673,1
2026-01-01 07:40:00+00:00,103.858,53.556,1
2026-01-01 07:45:00+00:00,104.599,52.381,1
2026-01-01 07:50:00+00:00,101.482,51.811,1
2026-01-01 07:55:00+00:00,102.124,50.155,1
2026-01-01 08:00:00+00:00,102.615,52.153,1
2026-01-01 08:05:00+00:00,103.61,50.544,1
2026-01-01 08:10:00+00:00,106.874,53.658,1
2026-01-01 08:15:00+00:00,104.878,54.429,1
2026-01-01 08:20:00+00:00,106.708,51.8,1
2026-01-01 08:25:00+00:00,111.011,53.303,1
2026-01-01 08:30:00+00:00,108.824,52.294,1
2026-01-01 08:35:00+00:00,112.303,52.675,1
2026-01-01 08:40:00+00:00,110.406,54.663,1
2026-01-01 08:45:00+00:00,113.442,54.031,1
2026-01-01 08:50:00+00:00,113.647,56.548,1
2026-01-01 08:55:00+00:00,116.662,54.309,1
2026-01-01 09:00:00+00:00,120.913,56.565,1
2026-01-01 09:05:00+00:00,117.79,56.024,1
2026-01-01 09:10:00+00:00,124.289,57.486,1
2026-01-01 09:15:00+00:00,126.305,56.725,1
2026-01-01 09:20:00+00:00,127.377,58.069,1
2026-01-01 09:25:00+00:00,128.836,59.022,1
2026-01-01 09:30:00+00:00,135.564,59.381,1
2026-01-01 09:35:00+00:00,138.659,62.613,1
2026-01-01 09:40:00+00:00,145.123,64.246,1
2026-01-01 09:45:00+00:00,150.261,66.024,1
2026-01-01 09:50:00+00:00,159.503,69.165,1
2026-01-01 09:55:00+00:00,162.253,71.17,1
2026-01-01 10:00:00+00:00,167.219,71.112,1
2026-01-01 10:05:00+00:00,175.955,74.062,1
2026-01-01 10:10:00+00:00,181.818,74.733,1
2026-01-01 10:15:00+00:00,188.978,77.08,1
2026-01-01 10:20:00+00:00,191.59,77.509,1
2026-01-01 10:25:00+00:00,192.804,80.872,1
2026-01-01 10:30:00+00:00,195.52,79.534,1
2026-01-01 10:35:00+00:00,188.977,78.455,1
2026-01-01 10:40:00+00:00,187.129,79.229,1
2026-01-01 10:45:00+00:00,182.047,73.781,1
2026-01-01 10:50:00+00:00,177.285,72.142,1
2026-01-01 10:55:00+00:00,168.453,73.365,1
2026-01-01 11:00:00+00:00,164.938,70.12,1
2026-01-01 11:05:00+00:00,155.356,67.883,1
2026-01-01 11:10:00+00:00,144.995,63.525,1
2026-01-01 11:15:00+00:00,138.333,62.713,1
2026-01-01 11:20:00+00:00,133.94,62.932,1
2026-01-01 11:25:00+00:00,128.622,59.516,1
2026-01-01 11:30:00+00:00,125.353,56.972,1
2026-01-01 11:35:00+00:00,122.416,54.737,1
2026-01-01 11:40:00+00:00,113.445,53.534,1
2026-01-01 11:45:00+00:00,107.408,50.427,1
2026-01-01 11:50:00+00:00,102.557,52.473,1
2026-01-01 11:55:00+00:00,105.36,52.536,1
2026-01-01 12:00:00+00:00,101.673,49.136,1
2026-01-01 12:05:00+00:00,101.322,49.855,1
2026-01-01 12:10:00+00:00,100.077,48.975,1
2026-01-01 12:15:00+00:00,100.391,48.989,1
2026-01-01 12:20:00+00:00,102.341,50.047,1
2026-01-01 12:25:00+00:00,100.177,47.353,1
2026-01-01 12:30:00+00:00,99.282,50.489,1
2026-01-01 12:35:00+00:00,97.321,50.572,1
2026-01-01 12:40:00+00:00,95.873,49.293,1
2026-01-01 12:45:00+00:00,98.105,46.552,1
2026-01-01 12:50:00+00:00,98.84,48.273,1
2026-01-01 12:55:00+00:00,102.364,50.891,1
2026-01-01 13:00:00+00:00,98.976,46.022,1
2026-01-01 13:05:00+00:00,100.571,48.885,1
2026-01-01 13:10:00+00:00,97.5,47.833,1
2026-01-01 13:15:00+00:00,96.024,50.162,1
2026-01-01 13:20:00+00:00,96.36,48.335,1
2026-01-01 13:25:00+00:00,96.738,49.579,1
2026-01-01 13:30:00+00:00,102.344,49.722,1
2026-01-01 13:35:00+00:00,96.344,51.197,1
2026-01-01 13:40:00+00:00,99.564,48.7,1
2026-01-01 13:45:00+00:00,95.983,49.346,1
2026-01-01 13:50:00+00:00,99.554,47.064,1
2026-01-01 13:55:00+00:00,98.365,50.226,1
2026-01-01 14:00:00+00:00,97.187,47.837,1
2026-01-01 14:05:00+00:00,97.325,48.03,1
2026-01-01 14:10:00+00:00,96.004,48.63,1
2026-01-01 14:15:00+00:00,98.114,46.736,1
2026-01-01 14:20:00+00:00,96.222,48.841,1
2026-01-01 14:25:00+00:00,94.592,49.683,1
2026-01-01 14:30:00+00:00,94.4,48.83,1
2026-01-01 14:35:00+00:00,97.216,46.529,1
2026-01-01 14:40:00+00:00,99.944,48.244,1
2026-01-01 14:45:00+00:00,97.023,49.242,1
2026-01-01 14:50:00+00:00,96.385,46.057,1
2026-01-01 14:55:00+00:00,97.114,46.981,1
2026-01-01 15:00:00+00:00,99.076,49.284,1
2026-01-01 15:05:00+00:00,96.827,48.518,1
2026-01-01 15:10:00+00:00,95.492,48.651,1
2026-01-01 15:15:00+00:00,98.453,50.352,1
2026-01-01 15:20:00+00:00,97.027,48.647,1
2026-01-01 15:25:00+00:00,99.172,48.84,1
2026-01-01 15:30:00+00:00,96.4,51.27,1
2026-01-01 15:35:00+00:00,93.519,47.727,1
2026-01-01 15:40:00+00:00,93.168,46.995,1
2026-01-01 15:45:00+00:00,99.145,48.435,1
2026-01-01 15:50:00+00:00,99.23,48.418,1
2026-01-01 15:55:00+00:00,95.366,47.231,1
2026-01-01 16:00:00+00:00,94.903,46.596,1
2026-01-01 16:05:00+00:00,98.539,50.58,1
2026-01-01 16:10:00+00:00,93.351,48.175,1
2026-01-01 16:15:00+00:00,93.726,46.879,1
2026-01-01 16:20:00+00:00,96.755,48.833,1
2026-01-01 16:25:00+00:00,94.634,47.581,1
2026-01-01 16:30:00+00:00,95.37,47.387,1
2026-01-01 16:35:00+00:00,95.013,48.345,1
2026-01-01 16:40:00+00:00,95.977,46.101,1
2026-01-01 16:45:00+00:00,98.08,48.056,1
2026-01-01 16:50:00+00:00,95.413,49.911,1
2026-01-01 16:55:00+00:00,96.488,48.159,1
2026-01-01 17:00:00+00:00,91.07,47.134,1
2026-01-01 17:05:00+00:00,95.046,46.963,1
2026-01-01 17:10:00+00:00,93.432,47.067,1
2026-01-01 17:15:00+00:00,92.658,47.243,1
2026-01-01 17:20:00+00:00,93.32,47.085,1
2026-01-01 17:25:00+00:00,94.39,48.629,1
2026-01-01 17:30:00+00:00,96.875,45.442,1
2026-01-01 17:35:00+00:00,92.377,48.549,1
2026-01-01 17:40:00+00:00,95.08,47.054,1
2026-01-01 17:45:00+00:00,94.042,47.958,1
2026-01-01 17:50:00+00:00,94.349,46.15,1
2026-01-01 17:55:00+00:00,97.007,49.095,1
2026-01-01 18:00:00+00:00,96.076,48.995,1
2026-01-01 18:05:00+00:00,97.676,48.652,1
2026-01-01 18:10:00+00:00,94.696,45.685,1
2026-01-01 18:15:00+00:00,93.619,48.5,1
2026-01-01 18:20:00+00:00,94.571,47.995,1
2026-01-01 18:25:00+00:00,95.515,45.589,1
2026-01-01 18:30:00+00:00,95.396,47.492,1
2026-01-01 18:35:00+00:00,92.889,47.967,1
2026-01-01 18:40:00+00:00,95.257,48.205,1
2026-01-01 18:45:00+00:00,95.553,47.761,1
2026-01-01 18:50:00+00:00,100.153,47.909,1
2026-01-01 18:55:00+00:00,98.897,49.34,1
2026-01-01 19:00:00+00:00,93.464,49.056,1
2026-01-01 19:05:00+00:00,94.625,44.159,1
2026-01-01 19:10:00+00:00,92.305,47.235,1
2026-01-01 19:15:00+00:00,94.084,47.435,1
2026-01-01 19:20:00+00:00,95.933,45.548,1
2026-01-01 19:25:00+00:00,97.752,47.783,1
2026-01-01 19:30:00+00:00,93.922,49.189,1
2026-01-01 19:35:00+00:00,94.115,46.408,1
2026-01-01 19:40:00+00:00,91.174,48.138,1
2026-01-01 19:45:00+00:00,95.19,46.659,1
2026-01-01 19:50:00+00:00,93.44,46.976,1
2026-01-01 19:55:00+00:00,94.557,49.581,1
2026-01-01 20:00:00+00:00,93.916,47.184,1
2026-01-01 20:05:00+00:00,95.537,48.417,1
2026-01-01 20:10:00+00:00,92.268,45.646,1
2026-01-01 20:15:00+00:00,92.909,50.156,1
2026-01-01 20:20:00+00:00,100.163,48.675,1
2026-01-01 20:25:00+00:00,93.393,47.765,1
2026-01-01 20:30:00+00:00,93.84,48.707,1
2026-01-01 20:35:00+00:00,99.774,46.359,1
2026-01-01 20:40:00+00:00,101.98,49.504,1
2026-01-01 20:45:00+00:00,93.898,47.732,1
2026-01-01 20:50:00+00:00,95.577,47.912,1
2026-01-01 20:55:00+00:00,97.071,47.604,1
2026-01-01 21:00:00+00:00,99.922,47.535,1
2026-01-01 21:05:00+00:00,94.569,49.105,1
2026-01-01 21:10:00+00:00,96.131,48.618,1
2026-01-01 21:15:00+00:00,98.258,49.134,1
2026-01-01 21:20:00+00:00,97.656,48.382,1
2026-01-01 21:25:00+00:00,96.118,49.051,1
2026-01-01 21:30:00+00:00,96.689,47.975,1
2026-01-01 21:35:00+00:00,94.294,51.197,1
2026-01-01 21:40:00+00:00,96.656,46.685,1
2026-01-01 21:45:00+00:00,96.689,50.124,1
2026-01-01 21:50:00+00:00,97.778,50.298,1
2026-01-01 21:55:00+00:00,96.295,47.68,1
2026-01-01 22:00:00+00:00,98.443,51.425,1
2026-01-01 22:05:00+00:00,99.62,49.992,1
2026-01-01 22:10:00+00:00,98.002,50.011,1
2026-01-01 22:15:00+00:00,98.492,48.928,1
2026-01-01 22:20:00+00:00,97.993,48.683,1
2026-01-01 22:25:00+00:00,97.986,48.742,1
2026-01-01 22:30:00+00:00,96.643,49.512,1
2026-01-01 22:35:00+00:00,98.821,50.775,1
2026-01-01 22:40:00+00:00,98.095,49.363,1
2026-01-01 22:45:00+00:00,102.579,48.103,1
2026-01-01 22:50:00+00:00,101.643,50.238,1
2026-01-01 22:55:00+00:00,99.373,50.406,1
2026-01-01 23:00:00+00:00,97.18,50.139,1
2026-01-01 23:05:00+00:00,96.587,50.3,1
2026-01-01 23:10:00+00:00,101.3,49.134,1
2026-01-01 23:15:00+00:00,99.55,48.397,1
2026-01-01 23:20:00+00:00,100.092,48.524,1
2026-01-01 23:25:00+00:00,95.75,47.657,1
2026-01-01 23:30:00+00:00,101.202,49.958,1
2026-01-01 23:35:00+00:00,100.365,49.628,1
2026-01-01 23:40:00+00:00,97.343,49.254,1
2026-01-01 23:45:00+00:00,98.73,46.29,1
2026-01-01 23:50:00+00:00,100.309,48.394,1
2026-01-01 23:55:00+00:00,99.996,51.29,1
2026-01-02 00:00:00+00:00,99.416,49.202,1
2026-01-02 00:05:00+00:00,99.902,50.487,1
2026-01-02 00:10:00+00:00,99.714,48.44,1
2026-01-02 00:15:00+00:00,100.632,51.89,1
2026-01-02 00:20:00+00:00,103.379,50.045,1
2026-01-02 00:25:00+00:00,95.411,50.62,1
2026-01-02 00:30:00+00:00,100.179,53.117,1
2026-01-02 00:35:00+00:00,101.114,52.2,1
2026-01-02 00:40:00+00:00,101.46,50.066,1
2026-01-02 00:45:00+00:00,100.232,49.776,1
2026-01-02 00:50:00+00:00,97.569,50.15,1
2026-01-02 00:55:00+00:00,101.844,51.206,1
2026-01-02 01:00:00+00:00,104.749,50.521,1
2026-01-02 01:05:00+00:00,98.331,50.225,1
2026-01-02 01:10:00+00:00,103.231,52.512,1
2026-01-02 01:15:00+00:00,100.95,50.667,1
2026-01-02 01:20:00+00:00,101.587,53.615,1
2026-01-02 01:25:00+00:00,99.706,51.015,1
2026-01-02 01:30:00+00:00,101.245,53.099,1
2026-01-02 01:35:00+00:00,104.614,51.436,1
2026-01-02 01:40:00+00:00,103.278,52.212,1
2026-01-02 01:45:00+00:00,105.676,50.236,1
2026-01-02 01:50:00+00:00,104.664,50.13,1
2026-01-02 01:55:00+00:00,103.283,51.754,1
2026-01-02 02:00:00+00:00,105.988,52.436,1
2026-01-02 02:05:00+00:00,103.472,51.345,1
2026-01-02 02:10:00+00:00,104.342,49.8,1
2026-01-02 02:15:00+00:00,102.185,49.757,1
2026-01-02 02:20:00+00:00,103.001,49.721,1
2026-01-02 02:25:00+00:00,101.562,49.357,1
2026-01-02 02:30:00+00:00,105.023,51.653,1
2026-01-02 02:35:00+00:00,100.773,52.915,1
2026-01-02 02:40:00+00:00,104.779,51.591,1
2026-01-02 02:45:00+00:00,102.915,48.936,1
2026-01-02 02:50:00+00:00,105.72,51.46,1
2026-01-02 02:55:00+00:00,104.959,51.533,1
2026-01-02 03:00:00+00:00,107.177,54.283,1
2026-01-02 03:05:00+00:00,105.073,50.057,1
2026-01-02 03:10:00+00:00,100.542,51.374,1
2026-01-02 03:15:00+00:00,103.625,53.927,1
2026-01-02 03:20:00+00:00,101.486,52.455,1
2026-01-02 03:25:00+00:00,102.863,52.626,1
2026-01-02 03:30:00+00:00,106.989,52.121,1
2026-01-02 03:35:00+00:00,105.307,52.412,1
2026-01-02 03:40:00+00:00,102.698,52.981,1
2026-01-02 03:45:00+00:00,102.13,51.107,1
2026-01-02 03:50:00+00:00,104.283,53.162,1
2026-01-02 03:55:00+00:00,101.841,50.49,1
2026-01-02 04:00:00+00:00,102.988,52.559,1
2026-01-02 04:05:00+00:00,105.008,52.406,1
2026-01-02 04:10:00+00:00,106.746,51.478,1
2026-01-02 04:15:00+00:00,105.702,52.215,1
2026-01-02 04:20:00+00:00,99.949,51.519,1
2026-01-02 04:25:00+00:00,105.185,51.002,1
2026-01-02 04:30:00+00:00,104.763,51.885,1
2026-01-02 04:35:00+00:00,105.488,51.005,1
2026-01-02 04:40:00+00:00,107.931,52.737,1
2026-01-02 04:45:00+00:00,100.608,50.987,1
2026-01-02 04:50:00+00:00,103.586,53.239,1
2026-01-02 04:55:00+00:00,105.982,50.982,1
2026-01-02 05:00:00+00:00,101.666,51.735,1
2026-01-02 05:05:00+00:00,107.809,51.679,1
2026-01-02 05:10:00+00:00,105.618,54.031,1
2026-01-02 05:15:00+00:00,106.597,52.848,1
2026-01-02 05:20:00+00:00,103.782,52.208,1
2026-01-02 05:25:00+00:00,106.569,53.069,1
2026-01-02 05:30:00+00:00,107.094,49.95,1
2026-01-02 05:35:00+00:00,105.436,52.433,1
2026-01-02 05:40:00+00:00,105.45,54.888,1
2026-01-02 05:45:00+00:00,105.53,52.653,1
2026-01-02 05:50:00+00:00,103.269,52.579,1
2026-01-02 05:55:00+00:00,104.704,53.157,1
2026-01-02 06:00:00+00:00,104.695,53.575,1
2026-01-02 06:05:00+00:00,105.766,50.102,1
2026-01-02 06:10:00+00:00,106.995,50.479,1
2026-01-02 06:15:00+00:00,102.872,52.747,1
2026-01-02 06:20:00+00:00,104.731,51.633,1
2026-01-02 06:25:00+00:00,107.933,54.06,1
2026-01-02 06:30:00+00:00,103.47,52.1,1
2026-01-02 06:35:00+00:00,103.297,50.149,1
2026-01-02 06:40:00+00:00,105.329,50.94,1
2026-01-02 06:45:00+00:00,106.593,49.152,1
2026-01-02 06:50:00+00:00,104.904,52.16,1
2026-01-02 06:55:00+00:00,107.515,52.202,1
2026-01-02 07:00:00+00:00,106.543,51.905,1
2026-01-02 07:05:00+00:00,106.484,53.695,1
2026-01-02 07:10:00+00:00,105.877,53.823,1
2026-01-02 07:15:00+00:00,109.39,52.163,1
2026-01-02 07:20:00+00:00,104.288,49.788,1
2026-01-02 07:25:00+00:00,100.653,53.071,1
2026-01-02 07:30:00+00:00,107.828,52.976,1
2026-01-02 07:35:00+00:00,103.661,52.66,1
2026-01-02 07:40:00+00:00,104.747,53.444,1
2026-01-02 07:45:00+00:00,107.103,50.844,1
2026-01-02 07:50:00+00:00,101.231,54.628,1
2026-01-02 07:55:00+00:00,101.88,51.041,1
2026-01-02 08:00:00+00:00,101.128,53.064,1
2026-01-02 08:05:00+00:00,102.686,50.112,1
2026-01-02 08:10:00+00:00,105.096,50.992,1
2026-01-02 08:15:00+00:00,105.206,53.898,1
2026-01-02 08:20:00+00:00,104.648,51.735,1
2026-01-02 08:25:00+00:00,101.207,53.024,1
2026-01-02 08:30:00+00:00,99.347,52.268,1
2026-01-02 08:35:00+00:00,104.008,51.824,1
2026-01-02 08:40:00+00:00,102.887,53.552,1
2026-01-02 08:45:00+00:00,104.678,51.596,1
2026-01-02 08:50:00+00:00,105.09,49.706,1
2026-01-02 08:55:00+00:00,103.888,50.842,1
2026-01-02 09:00:00+00:00,105.056,52.429,1
2026-01-02 09:05:00+00:00,103.916,52.203,1
2026-01-02 09:10:00+00:00,104.438,49.809,1
2026-01-02 09:15:00+00:00,101.887,50.779,1
2026-01-02 09:20:00+00:00,102.855,50.909,1
2026-01-02 09:25:00+00:00,103.523,51.126,1
2026-01-02 09:30:00+00:00,104.685,49.871,1
2026-01-02 09:35:00+00:00,102.169,50.724,1
2026-01-02 09:40:00+00:00,103.91,50.56,1
2026-01-02 09:45:00+00:00,102.246,52.315,1
2026-01-02 09:50:00+00:00,102.451,52.314,1
2026-01-02 09:55:00+00:00,104.253,51.122,1
2026-01-02 10:00:00+00:00,98.514,50.78,1
2026-01-02 10:05:00+00:00,99.812,51.37,1
2026-01-02 10:10:00+00:00,99.344,50.174,1
2026-01-02 10:15:00+00:00,97.544,49.73,1
2026-01-02 10:20:00+00:00,100.757,49.928,1
2026-01-02 10:25:00+00:00,103.513,50.245,1
2026-01-02 10:30:00+00:00,101.344,49.561,1
2026-01-02 10:35:00+00:00,102.208,51.101,1
2026-01-02 10:40:00+00:00,103.889,51.731,1
2026-01-02 10:45:00+00:00,104.263,48.899,1
2026-01-02 10:50:00+00:00,101.365,50.782,1
2026-01-02 10:55:00+00:00,104.106,50.436,1
2026-01-02 11:00:00+00:00,101.478,51.057,1
2026-01-02 11:05:00+00:00,99.514,50.579,1
2026-01-02 11:10:00+00:00,99.893,48.797,1
2026-01-02 11:15:00+00:00,98.014,48.973,1
2026-01-02 11:20:00+00:00,99.092,50.469,1
2026-01-02 11:25:00+00:00,100.045,51.615,1
2026-01-02 11:30:00+00:00,102.26,47.669,1
2026-01-02 11:35:00+00:00,103.986,50.687,1
2026-01-02 11:40:00+00:00,97.671,51.645,1
2026-01-02 11:45:00+00:00,101.113,49.98,1
2026-01-02 11:50:00+00:00,98.137,50.769,1
2026-01-02 11:55:00+00:00,101.058,49.211,1
2026-01-02 12:00:00+00:00,99.738,49.857,1
2026-01-02 12:05:00+00:00,96.229,48.0,1
2026-01-02 12:10:00+00:00,101.638,47.078,1
2026-01-02 12:15:00+00:00,98.463,50.968,1
2026-01-02 12:20:00+00:00,98.496,48.6,1
2026-01-02 12:25:00+00:00,97.316,49.181,1
2026-01-02 12:30:00+00:00,98.039,48.01,1
2026-01-02 12:35:00+00:00,100.095,47.928,1
2026-01-02 12:40:00+00:00,98.753,49.357,1
2026-01-02 12:45:00+00:00,99.682,48.637,1
2026-01-02 12:50:00+00:00,99.642,49.912,1
2026-01-02 12:55:00+00:00,101.453,49.949,1
2026-01-02 13:00:00+00:00,98.02,49.738,1
2026-01-02 13:05:00+00:00,95.647,49.587,1
2026-01-02 13:10:00+00:00,100.631,51.142,1
2026-01-02 13:15:00+00:00,97.73,47.915,1
2026-01-02 13:20:00+00:00,100.519,49.079,1
2026-01-02 13:25:00+00:00,98.955,50.453,1
2026-01-02 13:30:00+00:00,97.824,50.561,1
2026-01-02 13:35:00+00:00,98.684,47.287,1
2026-01-02 13:40:00+00:00,101.789,48.569,1
2026-01-02 13:45:00+00:00,101.943,50.524,1
2026-01-02 13:50:00+00:00,97.83,49.455,1
2026-01-02 13:55:00+00:00,97.915,49.032,1
2026-01-02 14:00:00+00:00,99.652,48.489,1
2026-01-02 14:05:00+00:00,95.715,48.243,1
2026-01-02 14:10:00+00:00,97.98,49.003,1
2026-01-02 14:15:00+00:00,97.17,48.308,1
2026-01-02 14:20:00+00:00,97.76,48.515,1
2026-01-02 14:25:00+00:00,95.377,48.616,1
2026-01-02 14:30:00+00:00,93.777,47.664,1
2026-01-02 14:35:00+00:00,92.724,49.074,1
2026-01-02 14:40:00+00:00,94.551,51.89,1
2026-01-02 14:45:00+00:00,95.786,46.219,1
2026-01-02 14:50:00+00:00,96.036,48.7,1
2026-01-02 14:55:00+00:00,100.417,47.359,1
2026-01-02 15:00:00+00:00,98.676,48.925,1
2026-01-02 15:05:00+00:00,94.464,48.25,1
2026-01-02 15:10:00+00:00,97.009,49.071,1
2026-01-02 15:15:00+00:00,95.427,49.531,1
2026-01-02 15:20:00+00:00,95.601,48.316,1
2026-01-02 15:25:00+00:00,96.471,49.409,1
2026-01-02 15:30:00+00:00,97.272,45.203,1
2026-01-02 15:35:00+00:00,95.289,49.892,1
2026-01-02 15:40:00+00:00,98.032,48.402,1
2026-01-02 15:45:00+00:00,93.559,49.215,1
2026-01-02 15:50:00+00:00,95.796,46.428,1
2026-01-02 15:55:00+00:00,100.921,46.866,1
2026-01-02 16:00:00+00:00,96.116,48.01,1
2026-01-02 16:05:00+00:00,98.483,47.788,1
2026-01-02 16:10:00+00:00,95.75,48.123,1
2026-01-02 16:15:00+00:00,96.682,49.06,1
2026-01-02 16:20:00+00:00,95.366,45.618,1
2026-01-02 16:25:00+00:00,95.109,48.886,1
2026-01-02 16:30:00+00:00,93.881,47.713,1
2026-01-02 16:35:00+00:00,96.328,47.453,1
2026-01-02 16:40:00+00:00,93.86,45.941,1
2026-01-02 16:45:00+00:00,97.107,48.345,1
2026-01-02 16:50:00+00:00,98.35,44.921,1
2026-01-02 16:55:00+00:00,97.61,48.735,1
2026-01-02 17:00:00+00:00,97.424,46.398,1
2026-01-02 17:05:00+00:00,100.591,48.607,1
2026-01-02 17:10:00+00:00,101.458,48.909,1
2026-01-02 17:15:00+00:00,107.146,51.146,1
2026-01-02 17:20:00+00:00,105.659,50.418,1
2026-01-02 17:25:00+00:00,113.502,50.89,1
2026-01-02 17:30:00+00:00,115.735,52.407,1
2026-01-02 17:35:00+00:00,122.829,56.036,1
2026-01-02 17:40:00+00:00,135.134,56.878,1
2026-01-02 17:45:00+00:00,141.346,57.801,1
2026-01-02 17:50:00+00:00,146.129,60.443,1
2026-01-02 17:55:00+00:00,153.965,61.923,1
2026-01-02 18:00:00+00:00,162.505,68.161,1
2026-01-02 18:05:00+00:00,181.507,70.457,1
2026-01-02 18:10:00+00:00,204.644,79.392,1
2026-01-02 18:15:00+00:00,220.766,85.508,1
2026-01-02 18:20:00+00:00,240.903,95.709,1
2026-01-02 18:25:00+00:00,265.554,99.113,1
2026-01-02 18:30:00+00:00,282.476,107.309,1
2026-01-02 18:35:00+00:00,302.015,115.253,1
2026-01-02 18:40:00+00:00,313.712,118.174,1
2026-01-02 18:45:00+00:00,316.587,117.065,1
2026-01-02 18:50:00+00:00,313.287,116.642,1
2026-01-02 18:55:00+00:00,299.427,112.3,1
2026-01-02 19:00:00+00:00,280.528,106.448,1
2026-01-02 19:05:00+00:00,253.703,97.619,1
2026-01-02 19:10:00+00:00,230.523,89.978,1
2026-01-02 19:15:00+00:00,205.635,79.793,1
2026-01-02 19:20:00+00:00,175.941,74.087,1
2026-01-02 19:25:00+00:00,154.737,67.674,1
2026-01-02 19:30:00+00:00,141.592,61.271,1
2026-01-02 19:35:00+00:00,124.815,55.247,1
2026-01-02 19:40:00+00:00,117.839,55.145,1
2026-01-02 19:45:00+00:00,106.98,52.125,1
2026-01-02 19:50:00+00:00,105.965,49.295,1
2026-01-02 19:55:00+00:00,100.244,48.86,1
2026-01-02 20:00:00+00:00,98.63,46.812,1
2026-01-02 20:05:00+00:00,100.17,47.051,1
2026-01-02 20:10:00+00:00,95.739,47.462,1
2026-01-02 20:15:00+00:00,94.298,49.503,1
2026-01-02 20:20:00+00:00,95.168,47.236,1
2026-01-02 20:25:00+00:00,96.946,48.776,1
2026-01-02 20:30:00+00:00,92.934,47.381,1
2026-01-02 20:35:00+00:00,97.389,48.352,1
2026-01-02 20:40:00+00:00,95.098,47.917,1
2026-01-02 20:45:00+00:00,98.539,49.169,1
2026-01-02 20:50:00+00:00,91.526,47.515,1
2026-01-02 20:55:00+00:00,94.815,46.307,1
2026-01-02 21:00:00+00:00,93.092,46.574,1
2026-01-02 21:05:00+00:00,94.89,47.633,1
2026-01-02 21:10:00+00:00,97.117,46.812,1
2026-01-02 21:15:00+00:00,96.345,48.844,1
2026-01-02 21:20:00+00:00,96.279,47.834,1
2026-01-02 21:25:00+00:00,96.552,51.285,1
2026-01-02 21:30:00+00:00,97.363,46.393,1
2026-01-02 21:35:00+00:00,95.026,48.766,1
2026-01-02 21:40:00+00:00,98.546,47.213,1
2026-01-02 21:45:00+00:00,98.547,48.019,1
2026-01-02 21:50:00+00:00,98.084,48.826,1
2026-01-02 21:55:00+00:00,98.519,45.913,1
2026-01-02 22:00:00+00:00,98.093,49.034,1
2026-01-02 22:05:00+00:00,101.665,51.081,1
2026-01-02 22:10:00+00:00,97.517,48.302,1
2026-01-02 22:15:00+00:00,97.174,49.206,1
2026-01-02 22:20:00+00:00,96.38,50.173,1
2026-01-02 22:25:00+00:00,95.922,48.796,1
2026-01-02 22:30:00+00:00,95.598,48.346,1
2026-01-02 22:35:00+00:00,96.41,46.363,1
2026-01-02 22:40:00+00:00,98.149,49.914,1
2026-01-02 22:45:00+00:00,99.061,49.061,1
2026-01-02 22:50:00+00:00,98.599,48.033,1
2026-01-02 22:55:00+00:00,97.07,49.452,1
2026-01-02 23:00:00+00:00,100.506,48.653,1
2026-01-02 23:05:00+00:00,100.29,48.772,1
2026-01-02 23:10:00+00:00,98.599,50.186,1
2026-01-02 23:15:00+00:00,97.719,47.906,1
2026-01-02 23:20:00+00:00,100.229,50.823,1
2026-01-02 23:25:00+00:00,99.615,47.942,1
2026-01-02 23:30:00+00:00,96.451,48.878,1
2026-01-02 23:35:00+00:00,99.32,52.035,1
2026-01-02 23:40:00+00:00,100.088,51.135,1
2026-01-02 23:45:00+00:00,97.874,49.954,1
2026-01-02 23:50:00+00:00,100.162,48.762,1
2026-01-02 23:55:00+00:00,96.981,49.31,1
2026-01-03 00:00:00+00:00,102.672,50.088,1
2026-01-03 00:05:00+00:00,102.605,50.1,1
2026-01-03 00:10:00+00:00,99.713,50.0,1
2026-01-03 00:15:00+00:00,101.054,50.127,1
2026-01-03 00:20:00+00:00,95.616,49.961,1
2026-01-03 00:25:00+00:00,98.232,48.542,1
2026-01-03 00:30:00+00:00,100.065,49.707,1
2026-01-03 00:35:00+00:00,98.616,51.478,1
2026-01-03 00:40:00+00:00,102.297,48.792,1
2026-01-03 00:45:00+00:00,104.97,50.26,1
2026-01-03 00:50:00+00:00,98.729,49.557,1
2026-01-03 00:55:00+00:00,99.514,50.728,1
2026-01-03 01:00:00+00:00,101.765,50.181,1
2026-01-03 01:05:00+00:00,104.621,52.472,1
2026-01-03 01:10:00+00:00,99.059,51.36,1
2026-01-03 01:15:00+00:00,102.105,49.229,1
2026-01-03 01:20:00+00:00,105.353,51.661,1
2026-01-03 01:25:00+00:00,98.509,49.977,1
2026-01-03 01:30:00+00:00,99.351,50.264,1
2026-01-03 01:35:00+00:00,101.167,51.383,1
2026-01-03 01:40:00+00:00,101.072,50.466,1
2026-01-03 01:45:00+00:00,103.837,52.177,1
2026-01-03 01:50:00+00:00,102.792,50.225,1
2026-01-03 01:55:00+00:00,98.855,50.46,1
2026-01-03 02:00:00+00:00,103.531,50.462,1
2026-01-03 02:05:00+00:00,101.439,50.618,1
2026-01-03 02:10:00+00:00,105.235,52.662,1
2026-01-03 02:15:00+00:00,101.523,52.143,1
2026-01-03 02:20:00+00:00,101.595,53.486,1
2026-01-03 02:25:00+00:00,104.039,54.199,1
2026-01-03 02:30:00+00:00,104.57,50.285,1
2026-01-03 02:35:00+00:00,104.026,51.649,1
2026-01-03 02:40:00+00:00,99.843,50.196,1
2026-01-03 02:45:00+00:00,104.373,50.715,1
2026-01-03 02:50:00+00:00,101.309,50.933,1
2026-01-03 02:55:00+00:00,103.928,50.46,1
2026-01-03 03:00:00+00:00,100.688,50.506,1
2026-01-03 03:05:00+00:00,104.504,51.633,1
2026-01-03 03:10:00+00:00,102.073,50.383,1
2026-01-03 03:15:00+00:00,101.194,52.89,1
2026-01-03 03:20:00+00:00,105.258,50.814,1
2026-01-03 03:25:00+00:00,104.383,55.321,1
2026-01-03 03:30:00+00:00,102.739,51.442,1
2026-01-03 03:35:00+00:00,106.935,52.103,1
2026-01-03 03:40:00+00:00,103.214,50.493,1
2026-01-03 03:45:00+00:00,104.222,54.126,1
2026-01-03 03:50:00+00:00,104.755,53.452,1
2026-01-03 03:55:00+00:00,103.035,52.494,1
2026-01-03 04:00:00+00:00,105.272,50.549,1
2026-01-03 04:05:00+00:00,103.317,52.445,1
2026-01-03 04:10:00+00:00,103.612,50.872,1
2026-01-03 04:15:00+00:00,107.21,53.997,1
2026-01-03 04:20:00+00:00,102.45,53.237,1
2026-01-03 04:25:00+00:00,99.751,52.403,1
2026-01-03 04:30:00+00:00,107.841,49.386,1
2026-01-03 04:35:00+00:00,109.759,51.15,1
2026-01-03 04:40:00+00:00,103.888,53.175,1
2026-01-03 04:45:00+00:00,100.861,53.823,1
2026-01-03 04:50:00+00:00,104.148,53.715,1
2026-01-03 04:55:00+00:00,104.228,50.49,1
2026-01-03 05:00:00+00:00,104.45,52.777,1
2026-01-03 05:05:00+00:00,102.63,53.647,1
2026-01-03 05:10:00+00:00,106.041,50.451,1
2026-01-03 05:15:00+00:00,105.953,52.442,1
2026-01-03 05:20:00+00:00,101.935,52.791,1
2026-01-03 05:25:00+00:00,106.341,52.11,1
2026-01-03 05:30:00+00:00,109.066,50.257,1
2026-01-03 05:35:00+00:00,105.328,52.097,1
2026-01-03 05:40:00+00:00,104.352,52.108,1
2026-01-03 05:45:00+00:00,104.844,52.349,1
2026-01-03 05:50:00+00:00,106.607,51.909,1
2026-01-03 05:55:00+00:00,102.488,52.186,1
2026-01-03 06:00:00+00:00,107.487,52.949,1
2026-01-03 06:05:00+00:00,108.681,54.059,1
2026-01-03 06:10:00+00:00,117.11,54.081,1
2026-01-03 06:15:00+00:00,119.154,55.383,1
2026-01-03 06:20:00+00:00,131.276,58.005,1
2026-01-03 06:25:00+00:00,136.317,58.214,1
2026-01-03 06:30:00+00:00,151.948,64.325,1
2026-01-03 06:35:00+00:00,165.046,67.709,1
2026-01-03 06:40:00+00:00,178.262,72.819,1
2026-01-03 06:45:00+00:00,199.684,80.781,1
2026-01-03 06:50:00+00:00,227.37,86.755,1
2026-01-03 06:55:00+00:00,258.163,99.317,1
2026-01-03 07:00:00+00:00,297.144,117.369,1
2026-01-03 07:05:00+00:00,346.046,133.596,1
2026-01-03 07:10:00+00:00,386.245,148.93,1
2026-01-03 07:15:00+00:00,416.845,158.774,1
2026-01-03 07:20:00+00:00,426.955,163.701,1
2026-01-03 07:25:00+00:00,410.223,159.535,1
2026-01-03 07:30:00+00:00,376.069,147.261,1
2026-01-03 07:35:00+00:00,331.832,129.744,1
2026-01-03 07:40:00+00:00,276.152,109.084,1
2026-01-03 07:45:00+00:00,221.347,95.098,1
2026-01-03 07:50:00+00:00,185.802,81.113,1
2026-01-03 07:55:00+00:00,153.252,69.576,1
2026-01-03 08:00:00+00:00,129.993,60.422,1
2026-01-03 08:05:00+00:00,115.701,57.779,1
2026-01-03 08:10:00+00:00,112.644,55.463,1
2026-01-03 08:15:00+00:00,107.861,54.982,1
2026-01-03 08:20:00+00:00,110.098,51.422,1
2026-01-03 08:25:00+00:00,105.344,51.906,1
2026-01-03 08:30:00+00:00,104.909,52.937,1
2026-01-03 08:35:00+00:00,103.62,52.037,1
2026-01-03 08:40:00+00:00,105.48,50.58,1
2026-01-03 08:45:00+00:00,105.014,52.379,1
2026-01-03 08:50:00+00:00,106.191,52.538,1
2026-01-03 08:55:00+00:00,102.569,51.912,1
2026-01-03 09:00:00+00:00,102.665,52.031,1
2026-01-03 09:05:00+00:00,102.499,51.418,1
2026-01-03 09:10:00+00:00,104.96,53.463,1
2026-01-03 09:15:00+00:00,106.293,50.568,1
2026-01-03 09:20:00+00:00,102.296,50.902,1
2026-01-03 09:25:00+00:00,102.28,51.578,1
2026-01-03 09:30:00+00:00,103.672,52.577,1
2026-01-03 09:35:00+00:00,102.465,49.681,1
2026-01-03 09:40:00+00:00,104.772,49.862,1
2026-01-03 09:45:00+00:00,98.274,48.944,1
2026-01-03 09:50:00+00:00,101.033,51.382,1
2026-01-03 09:55:00+00:00,101.029,49.955,1
2026-01-03 10:00:00+00:00,97.859,50.789,1
2026-01-03 10:05:00+00:00,100.478,51.996,1
2026-01-03 10:10:00+00:00,100.478,50.385,1
2026-01-03 10:15:00+00:00,101.809,51.383,1
2026-01-03 10:20:00+00:00,104.339,50.697,1
2026-01-03 10:25:00+00:00,101.524,51.813,1
2026-01-03 10:30:00+00:00,99.852,51.527,1
2026-01-03 10:35:00+00:00,101.698,50.076,1
2026-01-03 10:40:00+00:00,103.808,50.653,1
2026-01-03 10:45:00+00:00,99.655,52.056,1
2026-01-03 10:50:00+00:00,99.682,51.224,1
2026-01-03 10:55:00+00:00,102.516,49.023,1
2026-01-03 11:00:00+00:00,100.851,51.434,1
2026-01-03 11:05:00+00:00,102.483,49.293,1
2026-01-03 11:10:00+00:00,101.055,52.236,1
2026-01-03 11:15:00+00:00,102.379,51.717,1
2026-01-03 11:20:00+00:00,98.798,50.782,1
2026-01-03 11:25:00+00:00,100.736,50.569,1
2026-01-03 11:30:00+00:00,100.231,50.075,1
2026-01-03 11:35:00+00:00,98.113,51.086,1
2026-01-03 11:40:00+00:00,97.309,49.773,1
2026-01-03 11:45:00+00:00,101.699,50.446,1
2026-01-03 11:50:00+00:00,99.516,51.155,1
2026-01-03 11:55:00+00:00,98.065,49.38,1
2026-01-03 12:00:00+00:00,99.808,49.261,1
2026-01-03 12:05:00+00:00,102.147,48.512,1
2026-01-03 12:10:00+00:00,95.22,48.614,1
2026-01-03 12:15:00+00:00,96.68,47.642,1
2026-01-03 12:20:00+00:00,97.718,50.658,1
2026-01-03 12:25:00+00:00,102.378,51.899,1
2026-01-03 12:30:00+00:00,99.913,51.384,1
2026-01-03 12:35:00+00:00,100.774,47.668,1
2026-01-03 12:40:00+00:00,96.851,50.436,1
2026-01-03 12:45:00+00:00,96.785,51.219,1
2026-01-03 12:50:00+00:00,99.813,48.911,1
2026-01-03 12:55:00+00:00,98.928,49.528,1
2026-01-03 13:00:00+00:00,99.803,46.943,1
2026-01-03 13:05:00+00:00,98.226,49.621,1
2026-01-03 13:10:00+00:00,99.053,47.972,1
2026-01-03 13:15:00+00:00,98.709,49.436,1
2026-01-03 13:20:00+00:00,99.845,47.272,1
2026-01-03 13:25:00+00:00,99.802,49.745,1
2026-01-03 13:30:00+00:00,94.847,50.273,1
2026-01-03 13:35:00+00:00,93.492,48.053,1
2026-01-03 13:40:00+00:00,99.89,47.579,1
2026-01-03 13:45:00+00:00,100.164,46.307,1
2026-01-03 13:50:00+00:00,95.65,48.526,1
2026-01-03 13:55:00+00:00,93.875,48.1,1
2026-01-03 14:00:00+00:00,97.698,46.889,1
2026-01-03 14:05:00+00:00,99.268,49.247,1
2026-01-03 14:10:00+00:00,100.909,48.117,1
2026-01-03 14:15:00+00:00,98.255,47.32,1
2026-01-03 14:20:00+00:00,96.389,47.901,1
2026-01-03 14:25:00+00:00,95.257,49.807,1
2026-01-03 14:30:00+00:00,96.979,49.202,1
2026-01-03 14:35:00+00:00,96.272,48.279,1
2026-01-03 14:40:00+00:00,94.756,49.136,1
2026-01-03 14:45:00+00:00,100.801,46.959,1
2026-01-03 14:50:00+00:00,100.192,48.35,1
2026-01-03 14:55:00+00:00,98.815,48.448,1
2026-01-03 15:00:00+00:00,94.623,47.668,1
2026-01-03 15:05:00+00:00,98.098,48.717,1
2026-01-03 15:10:00+00:00,97.593,47.22,1
2026-01-03 15:15:00+00:00,97.126,48.732,1
2026-01-03 15:20:00+00:00,98.669,48.747,1
2026-01-03 15:25:00+00:00,97.371,44.55,1
2026-01-03 15:30:00+00:00,97.513,49.445,1
2026-01-03 15:35:00+00:00,97.242,44.327,1
2026-01-03 15:40:00+00:00,96.586,47.213,1
2026-01-03 15:45:00+00:00,92.275,49.152,1
2026-01-03 15:50:00+00:00,95.95,47.511,1
2026-01-03 15:55:00+00:00,94.613,46.103,1
2026-01-03 16:00:00+00:00,93.11,46.522,1
2026-01-03 16:05:00+00:00,98.98,49.04,1
2026-01-03 16:10:00+00:00,99.023,45.477,1
2026-01-03 16:15:00+00:00,98.234,49.113,1
2026-01-03 16:20:00+00:00,95.979,47.668,1
2026-01-03 16:25:00+00:00,98.125,46.281,1
2026-01-03 16:30:00+00:00,95.405,46.991,1
2026-01-03 16:35:00+00:00,95.746,46.449,1
2026-01-03 16:40:00+00:00,93.115,48.69,1
2026-01-03 16:45:00+00:00,96.059,48.512,1
2026-01-03 16:50:00+00:00,95.352,45.553,1
2026-01-03 16:55:00+00:00,92.594,47.116,1
2026-01-03 17:00:00+00:00,95.068,46.549,1
2026-01-03 17:05:00+00:00,94.984,49.124,1
2026-01-03 17:10:00+00:00,98.714,45.939,1
2026-01-03 17:15:00+00:00,96.885,49.473,1
2026-01-03 17:20:00+00:00,95.099,47.498,1
2026-01-03 17:25:00+00:00,95.556,46.135,1
2026-01-03 17:30:00+00:00,95.131,46.709,1
2026-01-03 17:35:00+00:00,94.624,46.553,1
2026-01-03 17:40:00+00:00,92.854,45.98,1
2026-01-03 17:45:00+00:00,94.709,47.619,1
2026-01-03 17:50:00+00:00,93.513,46.029,1
2026-01-03 17:55:00+00:00,92.501,44.884,1
2026-01-03 18:00:00+00:00,96.022,47.044,1
2026-01-03 18:05:00+00:00,95.784,45.337,1
2026-01-03 18:10:00+00:00,91.431,46.6,1
2026-01-03 18:15:00+00:00,94.765,46.414,1
2026-01-03 18:20:00+00:00,97.01,46.464,1
2026-01-03 18:25:00+00:00,97.148,49.916,1
2026-01-03 18:30:00+00:00,97.094,47.589,1
2026-01-03 18:35:00+00:00,95.136,47.824,1
2026-01-03 18:40:00+00:00,93.386,45.406,1
2026-01-03 18:45:00+00:00,92.929,46.763,1
2026-01-03 18:50:00+00:00,95.808,47.818,1
2026-01-03 18:55:00+00:00,95.902,46.342,1
2026-01-03 19:00:00+00:00,97.745,48.675,1
2026-01-03 19:05:00+00:00,97.4,46.157,1
2026-01-03 19:10:00+00:00,94.967,47.272,1
2026-01-03 19:15:00+00:00,92.777,46.929,1
2026-01-03 19:20:00+00:00,94.663,47.848,1
2026-01-03 19:25:00+00:00,95.774,46.901,1
2026-01-03 19:30:00+00:00,94.976,47.365,1
2026-01-03 19:35:00+00:00,94.268,47.428,1
2026-01-03 19:40:00+00:00,95.974,46.853,1
2026-01-03 19:45:00+00:00,94.508,48.34,1
2026-01-03 19:50:00+00:00,94.309,48.069,1
2026-01-03 19:55:00+00:00,96.239,47.702,1
2026-01-03 20:00:00+00:00,94.866,47.318,1
2026-01-03 20:05:00+00:00,96.214,48.819,1
2026-01-03 20:10:00+00:00,96.329,47.609,1
2026-01-03 20:15:00+00:00,93.564,47.553,1
2026-01-03 20:20:00+00:00,94.942,48.078,1
2026-01-03 20:25:00+00:00,98.843,50.02,1
2026-01-03 20:30:00+00:00,93.709,46.408,1
2026-01-03 20:35:00+00:00,91.867,48.974,1
2026-01-03 20:40:00+00:00,92.446,45.813,1
2026-01-03 20:45:00+00:00,96.299,48.381,1
2026-01-03 20:50:00+00:00,96.375,50.047,1
2026-01-03 20:55:00+00:00,96.153,48.78,1
2026-01-03 21:00:00+00:00,98.893,48.437,1
2026-01-03 21:05:00+00:00,91.197,47.599,1
2026-01-03 21:10:00+00:00,97.414,48.348,1
2026-01-03 21:15:00+00:00,99.826,48.049,1
2026-01-03 21:20:00+00:00,94.531,47.45,1
2026-01-03 21:25:00+00:00,96.111,48.087,1
2026-01-03 21:30:00+00:00,95.45,48.716,1
2026-01-03 21:35:00+00:00,95.255,47.601,1
2026-01-03 21:40:00+00:00,96.48,47.599,1
2026-01-03 21:45:00+00:00,100.077,46.979,1
2026-01-03 21:50:00+00:00,100.988,49.126,1
2026-01-03 21:55:00+00:00,96.734,49.357,1
2026-01-03 22:00:00+00:00,101.31,49.028,1
2026-01-03 22:05:00+00:00,97.666,49.956,1
2026-01-03 22:10:00+00:00,101.199,48.951,1
2026-01-03 22:15:00+00:00,97.602,49.365,1
2026-01-03 22:20:00+00:00,98.149,49.308,1
2026-01-03 22:25:00+00:00,98.717,48.883,1
2026-01-03 22:30:00+00:00,104.444,48.406,1
2026-01-03 22:35:00+00:00,99.89,51.751,1
2026-01-03 22:40:00+00:00,96.875,48.603,1
2026-01-03 22:45:00+00:00,100.331,48.397,1
2026-01-03 22:50:00+00:00,97.773,49.769,1
2026-01-03 22:55:00+00:00,97.621,49.603,1
2026-01-03 23:00:00+00:00,100.523,47.667,1
2026-01-03 23:05:00+00:00,98.874,50.753,1
2026-01-03 23:10:00+00:00,99.475,49.346,1
2026-01-03 23:15:00+00:00,99.053,48.179,1
2026-01-03 23:20:00+00:00,99.805,50.992,1
2026-01-03 23:25:00+00:00,100.089,50.371,1
2026-01-03 23:30:00+00:00,95.473,48.156,1
2026-01-03 23:35:00+00:00,100.789,51.86,1
2026-01-03 23:40:00+00:00,97.6,50.573,1
2026-01-03 23:45:00+00:00,96.788,49.824,1
2026-01-03 23:50:00+00:00,99.665,51.799,1
2026-01-03 23:55:00+00:00,100.059,50.137,1
2026-01-04 00:00:00+00:00,98.613,49.966,1
2026-01-04 00:05:00+00:00,101.771,49.262,1
2026-01-04 00:10:00+00:00,97.534,50.807,1
2026-01-04 00:15:00+00:00,99.513,50.735,1
2026-01-04 00:20:00+00:00,99.266,50.236,1
2026-01-04 00:25:00+00:00,100.451,49.324,1
2026-01-04 00:30:00+00:00,101.21,50.482,1
2026-01-04 00:35:00+00:00,98.745,50.297,1
2026-01-04 00:40:00+00:00,102.317,48.834,1
2026-01-04 00:45:00+00:00,101.101,48.722,1
2026-01-04 00:50:00+00:00,97.298,51.219,1
2026-01-04 00:55:00+00:00,97.271,47.472,1
2026-01-04 01:00:00+00:00,101.269,50.894,1
2026-01-04 01:05:00+00:00,100.957,50.126,1
2026-01-04 01:10:00+00:00,101.297,52.322,1
2026-01-04 01:15:00+00:00,101.551,50.211,1
2026-01-04 01:20:00+00:00,102.161,51.646,1
2026-01-04 01:25:00+00:00,103.707,50.43,1
2026-01-04 01:30:00+00:00,99.691,51.093,1
2026-01-04 01:35:00+00:00,99.67,51.891,1
2026-01-04 01:40:00+00:00,99.926,50.501,1
2026-01-04 01:45:00+00:00,102.789,52.302,1
2026-01-04 01:50:00+00:00,104.799,49.962,1
2026-01-04 01:55:00+00:00,101.542,51.556,1
2026-01-04 02:00:00+00:00,97.497,52.357,1
2026-01-04 02:05:00+00:00,99.186,52.089,1
2026-01-04 02:10:00+00:00,101.02,53.643,1
2026-01-04 02:15:00+00:00,101.662,50.473,1
2026-01-04 02:20:00+00:00,102.051,49.779,1
2026-01-04 02:25:00+00:00,103.034,50.285,1
2026-01-04 02:30:00+00:00,102.42,52.314,1
2026-01-04 02:35:00+00:00,105.228,52.162,1
2026-01-04 02:40:00+00:00,101.862,51.73,1
2026-01-04 02:45:00+00:00,101.572,50.301,1
2026-01-04 02:50:00+00:00,104.336,52.609,1
2026-01-04 02:55:00+00:00,100.386,50.259,1
2026-01-04 03:00:00+00:00,104.315,53.159,1
2026-01-04 03:05:00+00:00,103.817,55.235,1
2026-01-04 03:10:00+00:00,103.392,52.283,1
2026-01-04 03:15:00+00:00,106.936,52.579,1
2026-01-04 03:20:00+00:00,102.586,51.324,1
2026-01-04 03:25:00+00:00,108.02,49.777,1
2026-01-04 03:30:00+00:00,103.516,51.26,1
2026-01-04 03:35:00+00:00,101.478,50.705,1
2026-01-04 03:40:00+00:00,104.236,50.311,1
2026-01-04 03:45:00+00:00,102.005,54.146,1
2026-01-04 03:50:00+00:00,102.713,52.436,1
2026-01-04 03:55:00+00:00,105.069,52.593,1
2026-01-04 04:00:00+00:00,105.441,51.794,1
2026-01-04 04:05:00+00:00,103.139,51.984,1
2026-01-04 04:10:00+00:00,106.41,53.375,1
2026-01-04 04:15:00+00:00,106.799,52.203,1
2026-01-04 04:20:00+00:00,107.404,52.903,1
2026-01-04 04:25:00+00:00,105.635,52.053,1
2026-01-04 04:30:00+00:00,107.346,51.899,1
2026-01-04 04:35:00+00:00,100.898,50.642,1
2026-01-04 04:40:00+00:00,104.063,49.976,1
2026-01-04 04:45:00+00:00,103.001,52.053,1
2026-01-04 04:50:00+00:00,105.007,52.452,1
2026-01-04 04:55:00+00:00,103.657,50.857,1
2026-01-04 05:00:00+00:00,104.497,52.373,1
2026-01-04 05:05:00+00:00,108.621,52.493,1
2026-01-04 05:10:00+00:00,104.542,49.854,1
2026-01-04 05:15:00+00:00,105.732,51.354,1
2026-01-04 05:20:00+00:00,104.46,52.951,1
2026-01-04 05:25:00+00:00,105.093,52.935,1
2026-01-04 05:30:00+00:00,104.969,51.094,1
2026-01-04 05:35:00+00:00,105.867,52.675,1
2026-01-04 05:40:00+00:00,107.312,53.717,1
2026-01-04 05:45:00+00:00,108.284,53.427,1
2026-01-04 05:50:00+00:00,105.614,52.383,1
2026-01-04 05:55:00+00:00,106.178,51.938,1
2026-01-04 06:00:00+00:00,102.698,51.745,1
2026-01-04 06:05:00+00:00,104.823,53.061,1
2026-01-04 06:10:00+00:00,106.876,52.732,1
2026-01-04 06:15:00+00:00,106.721,53.25,1
2026-01-04 06:20:00+00:00,105.404,52.649,1
2026-01-04 06:25:00+00:00,106.743,53.468,1
2026-01-04 06:30:00+00:00,105.939,52.592,1
2026-01-04 06:35:00+00:00,107.342,53.413,1
2026-01-04 06:40:00+00:00,105.503,53.507,1
2026-01-04 06:45:00+00:00,104.193,51.487,1
2026-01-04 06:50:00+00:00,105.553,50.271,1
2026-01-04 06:55:00+00:00,98.996,54.281,1
2026-01-04 07:00:00+00:00,105.595,52.723,1
2026-01-04 07:05:00+00:00,97.503,50.343,1
2026-01-04 07:10:00+00:00,101.322,51.528,1
2026-01-04 07:15:00+00:00,105.638,53.294,1
2026-01-04 07:20:00+00:00,105.654,52.014,1
2026-01-04 07:25:00+00:00,102.335,51.716,1
2026-01-04 07:30:00+00:00,103.195,53.991,1
2026-01-04 07:35:00+00:00,107.318,51.032,1
2026-01-04 07:40:00+00:00,103.563,51.308,1
2026-01-04 07:45:00+00:00,108.97,52.496,1
2026-01-04 07:50:00+00:00,104.431,52.686,1
2026-01-04 07:55:00+00:00,105.2,52.787,1
2026-01-04 08:00:00+00:00,107.564,53.259,1
2026-01-04 08:05:00+00:00,104.537,52.376,1
2026-01-04 08:10:00+00:00,102.212,52.696,1
2026-01-04 08:15:00+00:00,103.938,51.768,1
2026-01-04 08:20:00+00:00,104.025,52.123,1
2026-01-04 08:25:00+00:00,101.303,52.145,1
2026-01-04 08:30:00+00:00,103.455,52.242,1
2026-01-04 08:35:00+00:00,102.415,52.877,1
2026-01-04 08:40:00+00:00,105.679,52.581,1
2026-01-04 08:45:00+00:00,103.828,51.933,1
2026-01-04 08:50:00+00:00,103.121,50.872,1
2026-01-04 08:55:00+00:00,103.399,51.887,1
2026-01-04 09:00:00+00:00,103.982,51.734,1
2026-01-04 09:05:00+00:00,104.691,51.961,1
2026-01-04 09:10:00+00:00,101.379,54.337,1
2026-01-04 09:15:00+00:00,101.214,51.02,1
2026-01-04 09:20:00+00:00,105.423,52.114,1
2026-01-04 09:25:00+00:00,102.305,52.847,1
2026-01-04 09:30:00+00:00,100.21,51.64,1
2026-01-04 09:35:00+00:00,103.844,54.284,1
2026-01-04 09:40:00+00:00,103.795,50.98,1
2026-01-04 09:45:00+00:00,99.716,51.778,1
2026-01-04 09:50:00+00:00,103.145,50.385,1
2026-01-04 09:55:00+00:00,104.065,50.875,1
2026-01-04 10:00:00+00:00,103.249,51.549,1
2026-01-04 10:05:00+00:00,103.669,52.218,1
2026-01-04 10:10:00+00:00,99.5,51.537,1
2026-01-04 10:15:00+00:00,102.874,52.617,1
2026-01-04 10:20:00+00:00,101.508,50.943,1
2026-01-04 10:25:00+00:00,101.048,50.608,1
2026-01-04 10:30:00+00:00,103.655,54.201,1
2026-01-04 10:35:00+00:00,104.771,51.379,1
2026-01-04 10:40:00+00:00,105.299,49.992,1
2026-01-04 10:45:00+00:00,104.237,49.97,1
2026-01-04 10:50:00+00:00,101.284,49.621,1
2026-01-04 10:55:00+00:00,102.105,51.823,1
2026-01-04 11:00:00+00:00,102.828,50.21,1
2026-01-04 11:05:00+00:00,101.431,50.747,1
2026-01-04 11:10:00+00:00,101.344,50.465,1
2026-01-04 11:15:00+00:00,102.623,51.366,1
2026-01-04 11:20:00+00:00,100.75,49.418,1
2026-01-04 11:25:00+00:00,99.302,49.09,1
2026-01-04 11:30:00+00:00,99.824,50.595,1
2026-01-04 11:35:00+00:00,101.812,50.993,1
2026-01-04 11:40:00+00:00,100.442,50.617,1
2026-01-04 11:45:00+00:00,101.007,49.192,1
2026-01-04 11:50:00+00:00,101.558,50.922,1
2026-01-04 11:55:00+00:00,99.359,49.162,1
2026-01-04 12:00:00+00:00,101.512,49.374,1
2026-01-04 12:05:00+00:00,100.649,48.813,1
2026-01-04 12:10:00+00:00,97.312,51.452,1
2026-01-04 12:15:00+00:00,102.558,50.597,1
2026-01-04 12:20:00+00:00,98.563,50.508,1
2026-01-04 12:25:00+00:00,96.145,51.224,1
2026-01-04 12:30:00+00:00,97.257,53.049,1
2026-01-04 12:35:00+00:00,97.197,47.569,1
2026-01-04 12:40:00+00:00,99.236,48.68,1
2026-01-04 12:45:00+00:00,98.477,48.773,1
2026-01-04 12:50:00+00:00,98.244,48.438,1
2026-01-04 12:55:00+00:00,100.051,48.113,1
2026-01-04 13:00:00+00:00,99.386,48.993,1
2026-01-04 13:05:00+00:00,99.233,47.841,1
2026-01-04 13:10:00+00:00,99.316,49.65,1
2026-01-04 13:15:00+00:00,99.625,49.258,1
2026-01-04 13:20:00+00:00,94.074,49.722,1
2026-01-04 13:25:00+00:00,97.459,49.703,1
2026-01-04 13:30:00+00:00,93.726,49.767,1
2026-01-04 13:35:00+00:00,98.058,48.545,1
2026-01-04 13:40:00+00:00,97.878,51.489,1
2026-01-04 13:45:00+00:00,99.88,49.176,1
2026-01-04 13:50:00+00:00,100.067,46.611,1
2026-01-04 13:55:00+00:00,98.005,47.596,1
2026-01-04 14:00:00+00:00,96.527,46.668,1
2026-01-04 14:05:00+00:00,98.541,48.763,1
2026-01-04 14:10:00+00:00,97.031,48.693,1
2026-01-04 14:15:00+00:00,100.163,48.745,1
2026-01-04 14:20:00+00:00,108.171,53.131,1
2026-01-04 14:25:00+00:00,118.63,54.604,1
2026-01-04 14:30:00+00:00,145.204,60.647,1
2026-01-04 14:35:00+00:00,178.474,67.338,1
2026-01-04 14:40:00+00:00,215.667,79.057,1
2026-01-04 14:45:00+00:00,269.54,97.461,1
2026-01-04 14:50:00+00:00,341.897,125.166,1
2026-01-04 14:55:00+00:00,450.193,164.521,1
2026-01-04 15:00:00+00:00,585.042,217.806,1
2026-01-04 15:05:00+00:00,704.316,262.317,1
2026-01-04 15:10:00+00:00,750.153,279.058,1
2026-01-04 15:15:00+00:00,694.706,258.357,1
2026-01-04 15:20:00+00:00,553.913,210.045,1
2026-01-04 15:25:00+00:00,394.63,153.155,1
2026-01-04 15:30:00+00:00,255.638,105.479,1
2026-01-04 15:35:00+00:00,169.766,74.967,1
2026-01-04 15:40:00+00:00,124.683,59.355,1
2026-01-04 15:45:00+00:00,109.973,50.838,1
2026-01-04 15:50:00+00:00,95.541,48.233,1
2026-01-04 15:55:00+00:00,99.244,48.591,1
2026-01-04 16:00:00+00:00,96.08,48.607,1
2026-01-04 16:05:00+00:00,96.457,47.293,1
2026-01-04 16:10:00+00:00,95.804,48.732,1
2026-01-04 16:15:00+00:00,96.405,48.933,1
2026-01-04 16:20:00+00:00,95.161,49.284,1
2026-01-04 16:25:00+00:00,98.332,49.846,1
2026-01-04 16:30:00+00:00,94.468,46.651,1
2026-01-04 16:35:00+00:00,97.604,47.687,1
2026-01-04 16:40:00+00:00,94.013,47.664,1
2026-01-04 16:45:00+00:00,95.145,47.515,1
2026-01-04 16:50:00+00:00,93.087,46.837,1
2026-01-04 16:55:00+00:00,96.11,45.817,1
2026-01-04 17:00:00+00:00,98.061,47.696,1
2026-01-04 17:05:00+00:00,94.989,46.65,1
2026-01-04 17:10:00+00:00,94.725,47.662,1
2026-01-04 17:15:00+00:00,92.867,46.595,1
2026-01-04 17:20:00+00:00,94.617,46.218,1
2026-01-04 17:25:00+00:00,91.873,47.81,1
2026-01-04 17:30:00+00:00,93.217,47.702,1
2026-01-04 17:35:00+00:00,95.483,48.21,1
2026-01-04 17:40:00+00:00,97.657,50.133,1
2026-01-04 17:45:00+00:00,100.629,47.838,1
2026-01-04 17:50:00+00:00,93.832,48.084,1
2026-01-04 17:55:00+00:00,97.872,46.208,1
2026-01-04 18:00:00+00:00,95.488,45.956,1
2026-01-04 18:05:00+00:00,94.699,49.4,1
2026-01-04 18:10:00+00:00,95.87,46.394,1
2026-01-04 18:15:00+00:00,95.135,46.253,1
2026-01-04 18:20:00+00:00,95.24,47.463,1
2026-01-04 18:25:00+00:00,94.213,47.407,1
2026-01-04 18:30:00+00:00,92.247,46.438,1
2026-01-04 18:35:00+00:00,91.971,47.163,1
2026-01-04 18:40:00+00:00,96.382,49.013,1
2026-01-04 18:45:00+00:00,94.543,46.581,1
2026-01-04 18:50:00+00:00,93.926,45.887,1
2026-01-04 18:55:00+00:00,95.16,48.703,1
2026-01-04 19:00:00+00:00,96.76,48.176,1
2026-01-04 19:05:00+00:00,95.56,46.855,1
2026-01-04 19:10:00+00:00,93.919,45.717,1
2026-01-04 19:15:00+00:00,97.718,46.739,1
2026-01-04 19:20:00+00:00,98.46,47.585,1
2026-01-04 19:25:00+00:00,96.329,49.069,1
2026-01-04 19:30:00+00:00,97.328,46.446,1
2026-01-04 19:35:00+00:00,97.907,47.61,1
2026-01-04 19:40:00+00:00,97.729,48.544,1
2026-01-04 19:45:00+00:00,96.744,44.9,1
2026-01-04 19:50:00+00:00,96.762,49.023,1
2026-01-04 19:55:00+00:00,96.656,46.389,1
2026-01-04 20:00:00+00:00,93.475,48.233,1
2026-01-04 20:05:00+00:00,97.127,48.159,1
2026-01-04 20:10:00+00:00,93.071,49.193,1
2026-01-04 20:15:00+00:00,94.253,48.582,1
2026-01-04 20:20:00+00:00,98.511,45.099,1
2026-01-04 20:25:00+00:00,97.648,47.042,1
2026-01-04 20:30:00+00:00,99.008,48.182,1
2026-01-04 20:35:00+00:00,95.557,47.816,1
2026-01-04 20:40:00+00:00,93.865,48.658,1
2026-01-04 20:45:00+00:00,95.76,49.068,1
2026-01-04 20:50:00+00:00,96.518,48.887,1
2026-01-04 20:55:00+00:00,96.546,47.937,1
2026-01-04 21:00:00+00:00,98.732,46.017,1
2026-01-04 21:05:00+00:00,95.82,47.725,1
2026-01-04 21:10:00+00:00,97.326,48.811,1
2026-01-04 21:15:00+00:00,94.726,47.043,1
2026-01-04 21:20:00+00:00,97.687,49.151,1
2026-01-04 21:25:00+00:00,96.877,49.525,1
2026-01-04 21:30:00+00:00,95.457,48.63,1
2026-01-04 21:35:00+00:00,96.572,44.845,1
2026-01-04 21:40:00+00:00,96.764,47.032,1
2026-01-04 21:45:00+00:00,96.682,50.875,1
2026-01-04 21:50:00+00:00,100.856,48.001,1
2026-01-04 21:55:00+00:00,97.209,46.322,1
2026-01-04 22:00:00+00:00,97.012,50.232,1
2026-01-04 22:05:00+00:00,93.4,48.814,1
2026-01-04 22:10:00+00:00,95.903,50.172,1
2026-01-04 22:15:00+00:00,97.262,49.227,1
2026-01-04 22:20:00+00:00,96.515,49.494,1
2026-01-04 22:25:00+00:00,100.75,49.429,1
2026-01-04 22:30:00+00:00,97.757,49.88,1
2026-01-04 22:35:00+00:00,100.765,51.827,1
2026-01-04 22:40:00+00:00,98.413,50.31,1
2026-01-04 22:45:00+00:00,98.467,47.3,1
2026-01-04 22:50:00+00:00,98.319,49.784,1
2026-01-04 22:55:00+00:00,98.608,50.67,1
2026-01-04 23:00:00+00:00,102.143,50.796,1
2026-01-04 23:05:00+00:00,94.172,48.894,1
2026-01-04 23:10:00+00:00,94.915,50.857,1
2026-01-04 23:15:00+00:00,97.938,50.626,1
2026-01-04 23:20:00+00:00,99.161,52.653,1
2026-01-04 23:25:00+00:00,100.62,48.72,1
2026-01-04 23:30:00+00:00,100.294,49.065,1
2026-01-04 23:35:00+00:00,98.687,49.36,1
2026-01-04 23:40:00+00:00,101.602,49.194,1
2026-01-04 23:45:00+00:00,101.733,48.768,1
2026-01-04 23:50:00+00:00,100.15,46.576,1
2026-01-04 23:55:00+00:00,101.816,49.424,1
